<?xml version="1.0" encoding="UTF-8"?>
<project-private xmlns="http://www.netbeans.org/ns/project-private/1">
    <editor-bookmarks xmlns="http://www.netbeans.org/ns/editor-bookmarks/2" lastBookmarkId="0"/>
    <open-files xmlns="http://www.netbeans.org/ns/projectui-open-files/2">
        <group>
            <file>file:/C:/Users/MSI/Documents/NetBeansProjects/Proje_1_1_1/src/Musicly/Playlist.java</file>
            <file>file:/C:/Users/MSI/Documents/NetBeansProjects/Proje_1_1_1/src/Musicly/LoginScreen.java</file>
            <file>file:/C:/Users/MSI/Documents/NetBeansProjects/Proje_1_1_1/src/Musicly/AddingSongScreen.java</file>
            <file>file:/C:/Users/MSI/Documents/NetBeansProjects/Proje_1_1_1/src/Musicly/DeletingUserScreen.java</file>
            <file>file:/C:/Users/MSI/Documents/NetBeansProjects/Proje_1_1_1/src/Musicly/FileTypeFilter.java</file>
            <file>file:/C:/Users/MSI/Documents/NetBeansProjects/Proje_1_1_1/src/Musicly/Database.java</file>
            <file>file:/C:/Users/MSI/Documents/NetBeansProjects/Proje_1_1_1/src/Musicly/MusicScreen.java</file>
            <file>file:/C:/Users/MSI/Documents/NetBeansProjects/Proje_1_1_1/src/Musicly/DeletingSongScreen.java</file>
            <file>file:/C:/Users/MSI/Documents/NetBeansProjects/Proje_1_1_1/src/Musicly/DisplayingSongs.java</file>
            <file>file:/C:/Users/MSI/Documents/NetBeansProjects/Proje_1_1_1/src/Musicly/RegisterScreen.java</file>
        </group>
    </open-files>
</project-private>
